test_name,time
cross_version_structured_query_p_o,752.1520673/762.2092791999999/764.5784945/776.6799086999999/778.9056581000004/790.6356824000004/784.9467037999993/775.5549831999997/808.5467711999991/837.0986857000007
single_version_structured_query_p_o,769.4812533999993/783.0290347999999/783.0811718000004/787.432032900002/789.9433419999987/791.1569129000018/792.9653039000004/794.2019971000009/799.9642679999997/802.1453999000005
cross_delta_structured_query_p_o,711.3012908000019/709.3619906000022/710.1962061999984/712.0751438000007/709.4107525/707.5497656999978/711.168329600001/712.2985766999991/710.9375851999976/709.7966908999988
single_delta_structured_query_p_o,711.5972006000011/711.7142587000017/714.4002789000006/718.0105863999997/722.4359588000007/715.9638389000029/721.1350856999998/723.9170225999987/720.4125206000026/725.6374653000021
